<?xml version="1.0" encoding="UTF-8"?><rss version="2.0"
	xmlns:content="http://purl.org/rss/1.0/modules/content/"
	xmlns:wfw="http://wellformedweb.org/CommentAPI/"
	xmlns:dc="http://purl.org/dc/elements/1.1/"
	xmlns:atom="http://www.w3.org/2005/Atom"
	xmlns:sy="http://purl.org/rss/1.0/modules/syndication/"
	xmlns:slash="http://purl.org/rss/1.0/modules/slash/"
	>

<channel>
	<title>Preview Galoo</title>
	<atom:link href="http://localhost/feed/" rel="self" type="application/rss+xml" />
	<link>https://dazzling-goldstine-618c73.netlify.app/</link>
	<description>Un site utilisant WordPress</description>
	<lastBuildDate>Mon, 17 Jan 2022 09:50:12 +0000</lastBuildDate>
	<language>fr-FR</language>
	<sy:updatePeriod>
	hourly	</sy:updatePeriod>
	<sy:updateFrequency>
	1	</sy:updateFrequency>
	<generator>https://wordpress.org/?v=5.8.3</generator>
	<item>
		<title>Bonjour tout le monde !</title>
		<link>https://dazzling-goldstine-618c73.netlify.app/2022/01/17/bonjour-tout-le-monde/</link>
					<comments>https://dazzling-goldstine-618c73.netlify.app/2022/01/17/bonjour-tout-le-monde/#comments</comments>
		
		<dc:creator><![CDATA[preview_galoo]]></dc:creator>
		<pubDate>Mon, 17 Jan 2022 09:50:12 +0000</pubDate>
				<category><![CDATA[Non classé]]></category>
		<guid isPermaLink="false">https://dazzling-goldstine-618c73.netlify.app/?p=1</guid>

					<description><![CDATA[Bienvenue sur WordPress. Ceci est votre premier article. Modifiez-le ou supprimez-le, puis commencez à écrire !]]></description>
										<content:encoded><![CDATA[
<p>Bienvenue sur WordPress. Ceci est votre premier article. Modifiez-le ou supprimez-le, puis commencez à écrire !</p>
]]></content:encoded>
					
					<wfw:commentRss>https://dazzling-goldstine-618c73.netlify.app/2022/01/17/bonjour-tout-le-monde/feed/</wfw:commentRss>
			<slash:comments>1</slash:comments>
		
		
			</item>
	</channel>
</rss>
